temp;OB1_EV_CLASS;BYTE;Bits 0-3 = 1 (Coming event), Bits 4-7 = 1 (Event class 1)
temp;OB1_SCAN_1;BYTE;1 (Cold restart scan 1 of OB 1), 3 (Scan 2-n of OB 1)
temp;OB1_PRIORITY;BYTE;1 (Priority of 1 is lowest)
temp;OB1_OB_NUMBR;BYTE;1 (Organization block 1, OB1)
temp;OB1_RESERVED_1;BYTE;Reserved for system
temp;OB1_RESERVED_2;BYTE;Reserved for system
temp;OB1_PREV_CYCLE;INT;Cycle time of previous OB1 scan (milliseconds)
temp;OB1_MIN_CYCLE;INT;Minimum cycle time of OB1 (milliseconds)
temp;OB1_MAX_CYCLE;INT;Maximum cycle time of OB1 (milliseconds)
temp;OB1_DATE_TIME;DATE_AND_TIME;Date and time OB1 started
